"file_name","name","company","date_of_birth","job","social_security_number"
"image_0.bmp","Amanda Huff","Apple","1988-08-10","test","698-80-9232"
"image_1.bmp","Tammy Montgomery","Google","2009-10-18","Team Lead","045-04-3726"
"image_10.bmp","Benjamin Gonzales","Google","1999-10-08","Scrum Master","test"
"image_100.bmp","Ronald Johnson","Google","1926-04-13","Software Engineer","538-18-5577"
"image_101.bmp","Emily Scott","Apple","1971-06-28","Software Engineer","561-58-8710"
"image_102.bmp","Andrew Evans","IBM","1995-08-14","Team Lead","891-18-0248"
"image_103.bmp","test","Google","2021-12-24","test","test"
"image_104.bmp","Sarah Collins","Google","1939-02-02","Team Lead","465-16-8787"
"image_105.bmp","test","IBM","1951-12-14","Software Engineer","test"
"image_106.bmp","Catherine Williams","IBM","1976-07-10","Scrum Master","189-83-2048"
"image_107.bmp","test","Google","2021-12-24","test","test"
"image_108.bmp","Kristina Huff","Google","2020-12-23","Human Resources","test"
"image_109.bmp","Stacey Mcmillan","Apple","1944-05-12","test","670-12-1224"
"image_11.bmp","Mr. Andrew May","Google","2021-12-24","Human Resources","834-78-4718"
"image_110.bmp","William Jensen","Google","2020-12-23","Team Lead","864-89-0759"
"image_111.bmp","Andrew Sullivan","Google","1963-05-29","Team Lead","test"
"image_112.bmp","Robert Rivera","Apple","2007-09-19","test","886-61-6384"
"image_113.bmp","test","Google","2021-12-24","test","test"
"image_114.bmp","Jessica Thomas","IBM","1985-10-01","Scrum Master","178-61-1047"
"image_115.bmp","Bailey Thomas","IBM","1949-06-23","Manager","620-40-7857"
"image_116.bmp","Barbara Olson","Apple","1969-11-17","Manager","428-42-8611"
"image_117.bmp","Allison Haynes","Apple","1999-12-08","test","354-88-0870"
"image_118.bmp","Adam Thornton","Apple","1960-07-31","Scrum Master","095-41-9366"
"image_119.bmp","Shannon Shelton","IBM","2007-06-17","Scrum Master","160-71-5003"
"image_12.bmp","Eric Mcclain","Google","2020-12-23","Scrum Master","803-96-1860"
"image_120.bmp","PNUCe Le WaCi","Google","2003-04-26","Software Engineer","test"
"image_121.bmp","Steven Harmon","IBM","2020-12-23","Human Resources","test"
"image_122.bmp","Philip Roberts","IBM","1982-07-17","Scrum Master","154-57-9189"
"image_123.bmp","Tricia Wright","IBM","1988-01-23","Manager","098-53-4968"
"image_124.bmp","Ms. Regina Fowler","Apple","1922-03-13","test","090-20-9816"
"image_125.bmp","Natasha Williams","Google","2008-04-23","Human Resources","789-92-1932"
"image_126.bmp","Lisa Douglas","Apple","1965-01-31","test","106-30-6798"
"image_127.bmp","Michael Odom","Apple","1956-12-02","test","535-01-7832"
"image_128.bmp","Jason Mcdaniel","Google","1998-08-20","Team Lead","300-31-2925"
"image_129.bmp","test","Google","2021-12-24","test","test"
"image_13.bmp","test","Google","2021-12-24","test","test"
"image_130.bmp","Benjamin Sanchez Il","Apple","1926-08-30","Human Resources","780-23-5957"
"image_131.bmp","Sheri Mitchell","Google","2021-12-24","Scrum Master","061-56-7723"
"image_132.bmp","Amanda Parks","IBM","2010-02-02","Manager","079-73-9858"
"image_133.bmp","Brett Harrison","Apple","1922-11-01","Software Engineer","419-56-9224"
"image_134.bmp","Melissa Williams","Google","2001-07-09","Team Lead","097-72-0219"
"image_135.bmp","Susan Robinson","IBM","1968-04-03","Manager","test"
"image_136.bmp","Marie Casey","Google","1938-12-06","Software Engineer","test"
"image_137.bmp","test","Google","2021-12-24","test","test"
"image_138.bmp","Richard Barron","Google","1939-05-05","Team Lead","226-29-7243"
"image_139.bmp","Elizabeth Lowe","IBM","1923-10-29","Human Resources","190-30-4263"
"image_14.bmp","Shawn Espinoza","Apple","1934-11-22","Team Lead","746-11-3185"
"image_140.bmp","test","Google","2021-12-24","test","test"
"image_141.bmp","test","Google","2021-12-24","test","test"
"image_142.bmp","Matthew Miller","Google","1938-05-12","Team Lead","043-26-8336"
"image_143.bmp","Lauren Wright","Apple","1942-08-05","Human Resources","078-52-1834"
"image_144.bmp","Jonathan Wright","IBM","1920-08-25","Scrum Master","584-53-3497"
"image_145.bmp","test","Google","2021-12-24","test","test"
"image_146.bmp","Leah Vargas","Google","2020-12-23","Scrum Master","317-98-1814"
"image_147.bmp","Tara Patterson","IBM","1922-10-16","Scrum Master","383-92-1078"
"image_148.bmp","Patrick Gray","Google","1924-03-08","Team Lead","042-27-5737"
"image_149.bmp","Jamie Campbell","Google","1990-05-19","Manager","547-45-2345"
"image_15.bmp","David Bartlett","Apple","1987-11-24","test","635-86-1722"
"image_16.bmp","Dominique Burns","Google","1954-08-02","Human Resources","370-44-9420"
"image_17.bmp","test","Google","2021-12-24","test","test"
"image_18.bmp","Robert Chavez","Google","1934-09-14","Human Resources","316-88-7570"
"image_19.bmp","Rebecca Jennings","Google","2021-12-24","Manager","test"
"image_2.bmp","Paul Vazquez","IBM","1970-12-13","Human Resources","208-07-8348"
"image_20.bmp","Sean Berg","IBM","1979-08-01","Scrum Master","672-54-9425"
"image_21.bmp","John Palmer","Apple","1951-03-18","Human Resources","894-52-0281"
"image_22.bmp","Nicholas Castro","IBM","1929-07-05","Human Resources","580-26-5189"
"image_23.bmp","Connie Moss","Apple","1930-06-23","test","676-22-0435"
"image_24.bmp","Kyle Pham","Apple","1964-06-22","test","659-42-7006"
"image_25.bmp","Christine Miller","Google","2020-12-23","Human Resources","test"
"image_26.bmp","Rachel Diaz","Apple","1992-10-02","Team Lead","241-80-0729"
"image_27.bmp","Denise Lewis","IBM","2005-06-12","Software Engineer","test"
"image_28.bmp","Chad Rocha","IBM","2008-05-26","Human Resources","874-54-3181"
"image_29.bmp","Reginald Holloway","Google","1989-01-08","Manager","test"
"image_3.bmp","David Moore","Apple","1984-12-18","test","test"
"image_30.bmp","Michael Singh","Apple","1972-01-29","test","302-47-1498"
"image_31.bmp","Chris Watson","IBM","1925-11-30","Team Lead","test"
"image_32.bmp","SET CM tlulis","IBM","2000-07-15","Team Lead","390-22-1468"
"image_33.bmp","Alex Gi","Google","1960-06-09","Team Lead","481-64-1636"
"image_34.bmp","Scott Banks","Apple","1968-03-03","test","295-39-2839"
"image_35.bmp","Robert Newton","Google","2021-12-24","Manager","test"
"image_36.bmp","Robert Tanner","Apple","1951-04-29","test","231-89-8378"
"image_37.bmp","Kevin Floyd","Apple","2008-01-20","test","470-60-4670"
"image_38.bmp","Edward Henderson","Google","1977-08-10","Software Engineer","569-41-2551"
"image_39.bmp","test","Google","2021-12-24","test","test"
"image_4.bmp","Rachel Kirby","IBM","1985-05-16","Scrum Master","test"
"image_40.bmp","test","IBM","1987-03-08","Manager","test"
"image_41.bmp","Kimberly Sanchez","Apple","1929-01-31","test","733-92-8480"
"image_42.bmp","test","Google","2021-12-24","test","test"
"image_43.bmp","Courtney Johnson","Google","2021-12-24","Manager","637-84-6026"
"image_44.bmp","test","IBM","1987-07-27","Software Engineer","test"
"image_45.bmp","Deborah Jackson","IBM","1922-11-21","Human Resources","653-32-5532"
"image_46.bmp","Michael Burton","Google","2020-12-03","Team Lead","323-12-2612"
"image_47.bmp","Julian Mason","IBM","1938-01-18","Manager","test"
"image_48.bmp","Kathleen Everett","Apple","2007-11-27","Software Engineer","768-54-2540"
"image_49.bmp","Jennifer Foster","Apple","1996-06-05","Software Engineer","815-86-1491"
"image_5.bmp","Kristin Moore","Google","2006-03-20","test","365-05-2305"
"image_50.bmp","Michele Hester","Google","1963-05-13","test","test"
"image_51.bmp","Chad Hughes","IBM","1965-10-20","Manager","393-18-9017"
"image_52.bmp","Elizabeth Hensley","IBM","2002-09-24","Scrum Master","604-43-3536"
"image_53.bmp","Damon Gonzalez","IBM","1992-02-23","Team Lead","294-04-5397"
"image_54.bmp","Patrick Lopez","Google","1958-09-17","Scrum Master","310-29-7448"
"image_55.bmp","Wendy Clark","Google","2021-12-24","Manager","396-19-4633"
"image_56.bmp","test","IBM","1937-09-17","Scrum Master","test"
"image_57.bmp","test","Google","2021-12-24","test","test"
"image_58.bmp","Travis Berger","IBM","1981-11-17","Scrum Master","743-49-4334"
"image_59.bmp","Tyler David","Google","1978-11-29","test","568-91-6528"
"image_6.bmp","Cody Smith","Google","1936-02-17","Scrum Master","283-15-5053"
"image_60.bmp","Brianna Hammond","Apple","1951-11-27","Human Resources","893-91-7610"
"image_61.bmp","Brian King","Google","2021-12-24","Software Engineer","test"
"image_62.bmp","Monica Hamilton","Google","1958-05-05","Software Engineer","715-89-5789"
"image_63.bmp","srten smith","IBM","1996-10-12","Human Resources","test"
"image_64.bmp","Jay Reed PhD","Apple","1956-06-11","Human Resources","710-14-1199"
"image_65.bmp","Michael Miller","Apple","1984-08-03","test","899-97-1857"
"image_66.bmp","Garrett Michael","IBM","1970-06-06","Team Lead","870-03-9627"
"image_67.bmp","test","IBM","1963-10-04","Manager","test"
"image_68.bmp","Toni George","Google","2020-12-03","Scrum Master","276-98-9611"
"image_69.bmp","test","Google","2021-12-24","test","test"
"image_7.bmp","Timothy Thomas","Apple","1928-12-22","test","290-92-8645"
"image_70.bmp","Bruce Porter","Google","2020-12-23","Human Resources","337-39-8026"
"image_71.bmp","test","Google","2021-12-24","test","test"
"image_72.bmp","Andrew Hines","Apple","1961-12-14","Scrum Master","711-81-5430"
"image_73.bmp","Tammy Washington","Google","2021-12-24","Scrum Master","test"
"image_74.bmp","Jeffrey Brown","Google","1991-12-21","Team Lead","522-47-8445"
"image_75.bmp","test","Google","2021-12-24","test","test"
"image_76.bmp","test","Google","2021-12-24","test","test"
"image_77.bmp","Catherine Gilmore","Apple","1947-07-13","Team Lead","286-93-7670"
"image_78.bmp","Emily Foster","Google","1952-04-15","Software Engineer","test"
"image_79.bmp","Jackie Williams","Google","2021-12-24","Manager","588-10-5058"
"image_8.bmp","test","IBM","1943-10-10","Software Engineer","test"
"image_80.bmp","Amanda Robertson","Google","2020-12-23","Human Resources","435-16-9169"
"image_81.bmp","Tiffany Harmon","Apple","1999-12-23","Human Resources","test"
"image_82.bmp","test","Google","2021-12-24","test","test"
"image_83.bmp","test","IBM","2004-04-25","Software Engineer","test"
"image_84.bmp","Mrs. Pamela Smith","Apple","1923-06-21","test","616-17-7086"
"image_85.bmp","test","Google","2021-12-24","test","test"
"image_86.bmp","Douglas Levine","IBM","1951-06-02","Software Engineer","219-43-8957"
"image_87.bmp","Tina Perry","Apple","1976-08-26","test","366-75-6284"
"image_88.bmp","test","IBM","1984-06-09","Manager","test"
"image_89.bmp","test","Google","2021-12-24","test","test"
"image_9.bmp","Mary Garner","Google","2006-12-24","test","test"
"image_90.bmp","Maureen Davis","Apple","1942-06-18","test","070-75-6405"
"image_91.bmp","test","IBM","2002-12-12","Software Engineer","test"
"image_92.bmp","Lindsay Williamson","Apple","1964-06-25","test","676-99-2009"
"image_93.bmp","Mr. James Jones","Google","1996-12-06","Human Resources","test"
"image_94.bmp","Mark Bryant","Apple","1994-02-08","Human Resources","605-46-2138"
"image_95.bmp","Joshua Martin","Google","2021-12-24","Scrum Master","test"
"image_96.bmp","Mrs. Gabrielle Davis","Apple","1981-03-25","test","219-02-6446"
"image_97.bmp","Di x","Google","2021-12-24","test","test"
"image_98.bmp","Jennifer Raymond","IBM","1958-02-17","Team Lead","440-48-0766"
"image_99.bmp","Andrew Barker","IBM","1938-11-01","Scrum Master","571-68-3166"
